,Class,Precision,Recall,F1-Score
0,0,0.8527812630698453,0.5312662845231891,0.6546797238722106
1,1,0.10173697270471464,0.328,0.1553030303030303
2,2,0.2738432483474976,0.35495716034271724,0.3091684434968017
3,3,0.20286396181384247,0.6296296296296297,0.30685920577617326
4,4,0.3385416666666667,0.6190476190476191,0.4377104377104377
