,Class,Precision,Recall,F1-Score
0,0,0.8546901172529313,0.5317873892652423,0.6556376485705108
1,1,0.10544511668107173,0.3253333333333333,0.15926892950391644
2,2,0.27121771217712176,0.3598531211750306,0.3093108890057864
3,3,0.19801980198019803,0.5925925925925926,0.29684601113172543
4,4,0.3037974683544304,0.6857142857142857,0.42105263157894735
